discordid,tooltip,imagelink
343383572805058560,v,https://cdn.discordapp.com/attachments/968854410451095602/1133202418860040222/vrainbow.gif
343383572805058560,e,https://cdn.discordapp.com/attachments/968854410451095602/1133202417849213028/erainbow.gif
343383572805058560,n,https://cdn.discordapp.com/attachments/968854410451095602/1133202419317227550/nrainbow.gif
343383572805058560,c,https://cdn.discordapp.com/attachments/968854410451095602/1133202417056481370/crainbow.gif
343383572805058560,o,https://cdn.discordapp.com/attachments/968854410451095602/1133202416611893319/orainbow.gif
343383572805058560,r,https://cdn.discordapp.com/attachments/968854410451095602/1133202418365120552/rrainbow.gif
343383572805058560,d,https://cdn.discordapp.com/attachments/968854410451095602/1133202416028893234/drainbow.gif
343383572805058560,read if cute,https://cdn.discordapp.com/emojis/1024751291504791654.gif?size=256
579731384868798464,read if cute,https://cdn.discordapp.com/emojis/1024751291504791654.gif?size=256
79427255851298816,bandit <3,https://cdn.discordapp.com/attachments/1033680203433660458/1042578966432710677/angelCChellokitten.png
1042520635626225704,bandit <3,https://cdn.discordapp.com/attachments/1033680203433660458/1042578966432710677/angelCChellokitten.png
280835732728184843,Mewdeko Owner,https://cdn.discordapp.com/attachments/1042630321901936661/1042634039577808906/Mewdeko.png
306692821358739456,Dutch Femboy,https://cdn.discordapp.com/attachments/1042716109087977492/1042750759336427611/a_anime_blush_cute_kawaii_uwu.png
545581357812678656,true shiggy fan,https://cdn.discordapp.com/emojis/1024751291504791654.gif?size=256
927695547421310996,Candyman Van,https://cdn.discordapp.com/attachments/1042974456781488218/1042978511369011230/image.png
103720027483545600,Vendys Money Mule,https://cdn.discordapp.com/attachments/1043165773797003306/1043174833715941457/emoji_162.png
146021713157554177,Prestige 16,https://cdn.discordapp.com/attachments/1026504914131759104/1044108076204179548/ui_icon_ranks_prestige_16_large.png
1024126990413996132,Discord Infinity: https://discord.gg/qqVqsBKMmJ,https://cdn.discordapp.com/attachments/961739997826940988/1044720692194705408/resizes.png
317980488138489866,Rhianna,https://cdn.discordapp.com/attachments/1048193960708931644/1048212966975225936/757621965421936801.gif
405385765892390913,lilly,https://cdn.discordapp.com/attachments/1094265985890000907/1100153577315508294/tkdGS9D.png
720406954563862640,cnuy,https://cdn.discordapp.com/attachments/786020148687536158/1049507106878922822/syaa.png
1075359835165569044,hatsune miku says trans rights!,https://cdn.discordapp.com/attachments/1049572516240298025/1056004981016236182/347163151156117505.webp
455428041586376729,byte,https://cdn.discordapp.com/attachments/1050196595431448729/1139022288210112562/LPJMliR.gif
149188460996067328,coraline :3,https://cdn.discordapp.com/attachments/1045771491574284338/1050995116820664320/afd7d51a34403d4dc8f49a6fcbc094a6.png
96269247411400704,Sakura,https://cdn.discordapp.com/emojis/917812506850910228.gif?size=256
287555395151593473,java lover,https://cdn.discordapp.com/emojis/1045735735757647943.gif
821472922140803112,Real Discord Bughunter,https://cdn.discordapp.com/attachments/1026515880080842772/1053384117259087892/QU8o95h.png
253554702858452992,Cuddle lover,https://cdn.discordapp.com/emojis/724092629448523827.gif
316703271274151936,Capybara Enjoyer,https://cdn.discordapp.com/attachments/1066921081585283152/1066923401123463208/Capy_Twemoji.png
291672665301975040,hololive enjoyer,https://cdn.discordapp.com/emojis/903938638197424128.gif
208036931676798977,fubuki sex,https://cdn.discordapp.com/attachments/1072994865404706876/1073124108893700167/fubuki_sex.gif
145224646868860928,ON TOP!,https://cdn.discordapp.com/attachments/1113581016137871421/1113581094365831258/16855688224052200.png
413283368164261899,Cutie <3,https://cdn.discordapp.com/attachments/1079094964220330055/1079098671217520790/Ch_van_img_03.png
884534013241462806,true shiggy fan,https://cdn.discordapp.com/emojis/1024751291504791654.gif?size=256
155620729923043329,The Big Cheese,https://media.discordapp.net/attachments/1086209251485155449/1086303206260351036/The_Big_Cheese.gif
448547847617642496,Unique Brilliance,https://media.discordapp.net/attachments/1086698706474110996/1091352742687162368/Unique_Brilliance.png
1113557197000015872,ðŸ’™ðŸ’šðŸ’›ðŸ§¡â¤ï¸ðŸ’œðŸ’™ðŸ’šðŸ’›ðŸ§¡â¤ï¸ðŸ’œðŸ’™ðŸ’šðŸ’›ðŸ§¡â¤ï¸ðŸ’œðŸ’™ðŸ’šðŸ’›ðŸ§¡â¤ï¸ðŸ’œ,https://cdn.discordapp.com/attachments/1087485894870708225/1087554206170366073/1054831003866247228.gif
250797109022818305,/reg/nal,https://cdn.discordapp.com/attachments/1044780504672636999/1087717992072237066/pfp.png
305428775297089550,Designer,https://cdn.discordapp.com/attachments/1087726068502380544/1087741593345331281/designer.png
681885446455689216,Vencord Supporter,https://cdn.discordapp.com/attachments/1087479668501913731/1087634237768876032/red_heart.png
434012913200529420,true shiggy fan,https://cdn.discordapp.com/emojis/1024751291504791654.gif?size=256
512028479701909504,Use VSCode,https://cdn.discordapp.com/attachments/1088049977143611434/1088150024489271296/20GVdTR.png
478711436202475520,Best singer in room 1,https://cdn.discordapp.com/attachments/1088010781901197332/1088228458502553670/latest.png
679782020297392309,real paavo,https://cdn.discordapp.com/attachments/1089321592821137478/1089330350821478400/HPLm0Hj.png
1056383394470182922,The rotating scarlet symbol of communism exhibits an intricacy beyond necessity.,https://cdn.discordapp.com/emojis/973582815239209010.gif?size=512&quality=lossless
827453356200820758,shiggy enjoyer,https://cdn.discordapp.com/emojis/1024751291504791654.gif?size=256
920369000855253024,pancakes,https://cdn.discordapp.com/attachments/1091730604212617358/1091736086960672879/niko_pancakes.png
638773138712428575,Daimyo,https://cdn.discordapp.com/attachments/1094328328992858113/1117327031877763132/oJ74XOt.png
544655732142768151,shiggy,https://cdn.discordapp.com/emojis/1024751291504791654.gif?size=256
143117463788191746,hi,https://cdn.discordapp.com/attachments/1096126810930036796/1096133061936168970/868827874134736926.webp
619284841187246090,trans rights are human rights,https://cdn.discordapp.com/emojis/894728779509948447.webp
647269760782041133,true shiggy fan,https://cdn.discordapp.com/emojis/1024751291504791654.gif?size=256
483321347041132554,Let's all love Lain!,https://cdn.discordapp.com/attachments/1100618996967014400/1100985050566246431/ezgif.com-crop.gif
1006638529746583752,despair,https://cdn.discordapp.com/attachments/1101213588410085396/1101214141613625384/emoji-8.png
501608898159968258,Yuna,https://cdn.discordapp.com/attachments/1033680203433660458/1101376398108672000/ezgif.com-optimize_1.gif
1091884893094551692,determination,https://cdn.discordapp.com/attachments/1101635522641793034/1101645662862458940/Picsart_23-04-29_01-06-27-463.png
1091884893094551692,The servers are the 7 Chaos,https://cdn.discordapp.com/attachments/1101635522641793034/1101653028110610493/712131999569018940.png
402091227933179904,most sane sirius moderator,https://cdn.discordapp.com/attachments/1044780504672636999/1101648553618706492/Picsart_23-04-29_01-17-58-193.png
209284513879162880,:3,https://cdn.discordapp.com/attachments/1044780504672636999/1101664791728226374/SM0aP.png
708991550767628328,MoveForwardParty,https://cdn.discordapp.com/attachments/1102523243329486848/1102626365955641435/Move_Forward_Party_Logo.svg.png
1026569902183682121,wuv yu,https://cdn.discordapp.com/emojis/1071863203534995586.gif?size=256&quality=lossless
289556910426816513,minky,https://cdn.discordapp.com/emojis/899882496269910067.gif?size=256&quality=lossless
692576506882555937,neighbor cat,https://cdn.discordapp.com/attachments/1103576846303514645/1103581281108893706/050b6df2-76cf-421c-b3a4-058a518d197a.png
728883332854841374,hi,https://cdn.discordapp.com/attachments/1104780985704386601/1141811910023593984/whiteflowerlily.png
274171520891355136,Sova Main,https://cdn.discordapp.com/attachments/1106265877281767584/1106327383063150663/sovagunhold.png
590617845977841684,zakuwo,https://cdn.discordapp.com/attachments/1107757908420210839/1117372040459079690/0.png
99914384989519872,d:,https://cdn.discordapp.com/attachments/261531013027463178/1107334295875493898/bhop.gif
99914384989519872,<:,https://cdn.discordapp.com/attachments/261531013027463178/1107334295875493898/bhop.gif
1074762827253956708,nya~,https://cdn.discordapp.com/emojis/1081813169531518986.png?size=1024&quality=lossless
131602100332396544,Hi!!,https://cdn.discordapp.com/emojis/1108222781457432666.webp?size=256&quality=lossless
131602100332396544,*crackle*,https://cdn.discordapp.com/emojis/1108256756481658890.gif?size=256&quality=lossless
131602100332396544,Hey!,https://cdn.discordapp.com/emojis/1108222809919979611.webp?size=256&quality=lossless
326678476365234178,simp,https://cdn.discordapp.com/attachments/1110194755641544755/1110241441847988244/badge_1.png
541705451746623508,Prestige Master Level 1000,https://cdn.discordapp.com/attachments/1111653826869592206/1111688058727845958/MP.png
446603589994151937,cat :],https://cdn.discordapp.com/emojis/861078644420378624.gif?size=256
381257964738183189,synny wynny,https://cdn.discordapp.com/attachments/1112642233204740096/1112693216202989608/syn.png
1101188686546227280,cutie,https://cdn.discordapp.com/emojis/1024751291504791654.gif?size=256
397029587965575170,read if cute,https://cdn.discordapp.com/attachments/656521291846778890/1113813072369422427/FeZ9c49fZfmlHsLO.png
162740870607536128,yay,https://cdn.discordapp.com/emojis/1059690570085310515.gif?size=256
122652945320771584,read if cute,https://cdn.discordapp.com/emojis/1024751291504791654.gif?size=256
549762928941858816,nyaboom,https://cdn.discordapp.com/emojis/1085292303628910723.webp?size=256
817443146320576603,Stellar Community,https://cdn.discordapp.com/attachments/1116558602367406200/1116777944120045729/iavJfft.jpg
1012547947403149413,LSD OWNS YOU,https://cdn.discordapp.com/attachments/1015060231060983891/1117542240487735386/168651312915231055.png
1105714421881376818,.gg/destroyitall,https://cdn.discordapp.com/attachments/1117337680703930458/1117531557113102346/XSG9I2f.webp
1028844417190211614,Golden Rodent,https://cdn.discordapp.com/attachments/1118379615325532180/1118644396368334848/Chaos_Emeralds.png
272465997435502596,meow,https://cdn.discordapp.com/attachments/1118647507325571173/1118653680296665260/1083617937115586671.gif
694604709591384226,:3,https://cdn.discordapp.com/attachments/1026504914131759104/1120172228890345472/HandDrawn.jpg
516750892372852754,read if cute,https://cdn.discordapp.com/emojis/1024751291504791654.gif?size=256
1012800881474949221,I use Arch Linux BTW,https://cdn.discordapp.com/emojis/1059690570085310515.gif?size=256&quality=lossless
448570346845634572,VACBAN Staff,https://cdn.discordapp.com/attachments/1044780504672636999/1121781509548949555/Untitled3-modified_copy_256x256.png
636459701625946112,huggy,https://cdn.discordapp.com/attachments/1096824033804300331/1123163446192644136/ab67616d0000b2730c6e836f14e6ccb9273d8bcd.png
459742547305299981,imzuxi.com,https://cdn.discordapp.com/attachments/1044780504672636999/1124145962957414400/imageedit_2_3525967439.png
571069296051093521,Jug,https://cdn.discordapp.com/attachments/1044780504672636999/1124292532801654864/1115435257685094510.webp
521819891141967883,dog :3,https://cdn.discordapp.com/attachments/1124511716894580777/1124520341885177907/image.png
398304429788626946,whiskers,https://cdn.discordapp.com/emojis/1024751545037889566.webp?size=256
90232975194624000,:3,https://cdn.discordapp.com/emojis/1053082568070799391.gif?size=256&quality=lossless
487965480724987904,Frencher,https://discord.com/assets/2ca95301db0ebcf082d6be3824d44da0.svg
852892297661906993,aliening,https://cdn.discordapp.com/attachments/1125538429975941153/1126651871831015545/1055836964579971173.webp
1017176847865352332,venbot,https://cdn.discordapp.com/emojis/1024751291504791654.gif?size=256
278543574059057154,rambro,https://cdn.discordapp.com/emojis/908148138458615828.webp?size=256&quality=lossless
278543574059057154,hotbro,https://cdn.discordapp.com/emojis/904204269308235826.webp?size=256&quality=lossless
453001196379176962,Fear â¤ï¸,https://cdn.discordapp.com/emojis/1069920629886820423.gif?size=256&quality=lossless
1057444548147679232,raziel,https://cdn.discordapp.com/emojis/1069918876076343386.gif?size=256&quality=lossless
337654195526303746,Ice Cube,https://discord.com/assets/fd6114328c436e5a111d326d05af3b9a.svg
789872551731527690,Developer,https://cdn.discordapp.com/attachments/1128411629470625843/1128568375950442496/1686327696916-removebg-preview_1.png
979017702326812704,Realtree,https://cdn.discordapp.com/emojis/1096165547122642944.webp?size=256&quality=lossless
311853198400815107,:3,https://cdn.discordapp.com/emojis/1105870509985509508.gif?size=56&quality=lossless
206876754860572674,Shondo Enjoyer,https://cdn.discordapp.com/attachments/1128784868319436840/1128805567918522528/939725008509489162.gif
196566647199236096,What are you looking at?,https://cdn.discordapp.com/emojis/1010424370717540402.webp?size=256&quality=lossless
353201426576703488,E :3,https://cdn.discordapp.com/emojis/1127622828422860941.webp?size=160
883292144725544981,$25,https://cdn.discordapp.com/emojis/1064926017325645904.gif?size=256&name=xdlol
1063205848572231680,setsuna ontop,https://cdn.discordapp.com/attachments/1130124414877454446/1130249137942691890/273718.png
377175513372033024,i <3 u,https://cdn.discordapp.com/emojis/985346789337071636.gif?size=56&quality=lossless
835861948742500372,i'm cute uwu,https://cdn.discordapp.com/attachments/1131083666915872818/1131208046140457002/5M6qk6R.gif
254375451084980224,Support main <3,https://cdn.discordapp.com/attachments/1131333758746902628/1131528993934409778/Bild_2023-07-20_120640964-removebg-preview.png
311409440941408257,teepussi,https://cdn.discordapp.com/emojis/1130561770952593579.gif?size=256&quality=lossless
311409440941408257,blbbb blubbbb blooob blbbbbb  *gets eaten by a seal*,https://discord.com/assets/720806c4ff4375a2f36674e8aeeb1906.svg
311409440941408257,froggggg ðŸ¸ðŸ¸ðŸ¸ðŸ¸,https://discord.com/assets/68af06bbac9f4830d08fa474f201f92b.svg
969632635984945182,Former owner of discord.gg/lgbtfr,https://discord.com/assets/a38a70388a9ffb9ede271e41142a8f2e.svg
586258181391646769,Fellow Vencorder,https://cdn.discordapp.com/attachments/1132192456520245258/1132252657738850315/vlNHrZ9.png
399862294143696897,dancinglilgirl,https://cdn.discordapp.com/emojis/818970911981436949.gif?size=256&quality=lossless
1109907021744046163,ã‚¹ãƒ¼ã‚·ãƒ¼,https://cdn.discordapp.com/attachments/1132791242397327442/1132805165972455515/4f31527b0eedb923099b09ccdef4ff67.png
884649246979141642,Security9,https://cdn.discordapp.com/attachments/1133498506070466651/1137173837830705293/Security9.png
478703092813135873,fumo,https://cdn.discordapp.com/attachments/1133782182297620520/1133791364707004426/lc4b8xugpqv91.png
497070746799964181,Kyaru,https://cdn.discordapp.com/attachments/567734848689537026/1133912760711909406/kyaru.gif
133203646983831552,Fishe,https://cdn.discordapp.com/attachments/1134348450725646396/1134443337194147851/988778907379585084.png
354153578635591690,Kiryu my beloved,https://cdn.discordapp.com/attachments/1134040211110768690/1134451936930824212/ezgif.com-optimize_2.gif
469128746876665876,kitku,https://cdn.discordapp.com/attachments/1134540937427685476/1134542581246726304/kitkustary.webp
1077696822740529172,Verified Rias Enjoyer,https://cdn.discordapp.com/attachments/1134600632532209766/1134602945502117948/851173742771961886.gif
607990223229681664,read if cute,https://cdn.discordapp.com/emojis/1024751291504791654.gif?size=256
446821254742278146,speedclicker,https://cdn.discordapp.com/attachments/1134770551064371240/1134975061074378783/pRIaG9H.png
113985503748947975,I bend my knee not - before my selfish desire,https://cdn.discordapp.com/attachments/1135021558369374250/1135045164390432888/XjZnbfL.png
386592936063926294,Verified Eboy,https://cdn.discordapp.com/attachments/1135171078772236420/1135186751485399201/vrchat.png
589322754470445057,read if short,https://cdn.discordapp.com/attachments/1064962691560652800/1135212583083843686/ezgif-4-f011a43f23.gif
1050041102532616282,Give Ven money,https://cdn.discordapp.com/attachments/1135169789485121547/1143215454383517846/dice.png
687882398477844481,hmk.lol,https://cdn.discordapp.com/emojis/1024751291504791654.gif?size=256
635383782576357407,arson enjoyer,https://cdn.discordapp.com/emojis/1105406110724268075.webp?size=256&quality=lossless
657301605195972628,<3,https://cdn.discordapp.com/attachments/1136284685362794517/1136325472918188052/badge_lyze.png
486729379448356886,ðŸŸ,https://cdn.discordapp.com/attachments/1136367553522979047/1136369857936511088/ezgif.com-crop.gif
1040645728663519303,read if cute,https://cdn.discordapp.com/emojis/1024751291504791654.gif?size=256
484651388748431371,ðµ ð‘’ ð“‡ ð“ƒ ð’¾ ð‘’ _,https://cdn.discordapp.com/emojis/1092089799109775453.png?size=256
301336939523604500,real quoicoubeh,https://cdn.discordapp.com/attachments/1136338258775777290/1136640108603375647/pokemonumbreonru.gif
328520309663727628,J & A,https://cdn.discordapp.com/attachments/1136787467555586179/1136791979477446686/Anas1337.webp
432843984549969930,J & A,https://cdn.discordapp.com/attachments/1136787467555586179/1136791979477446686/Anas1337.webp
221408066053210112,Based Samurai Enjoyer,https://cdn.discordapp.com/attachments/1136813411494285362/1136825781587288144/HCOw4v6.gif
738990436907090020,follower of jonAmo,https://cdn.discordapp.com/emojis/971632183976542228.webp?size=256&quality=lossless
1057337359831675062,Hell-Raiser,https://cdn.discordapp.com/emojis/1138517861132931216.webp?size=96&quality=lossless
209830981060788225,a silly little guy,https://cdn.discordapp.com/attachments/1138766687286599690/1138898511539212318/hug-cat.gif
209830981060788225,waaaaah,https://cdn.discordapp.com/emojis/854861602225127424.gif?size=256&quality=lossless
743929637930795068,XO,https://cdn.discordapp.com/attachments/1065646368632356965/1139313613836914769/937095529907748916.gif
718514576571760640,cute,https://cdn.discordapp.com/emojis/1140066667477606491.gif?size=128&quality=lossless
1016452732871245944,Sy <3,https://cdn.discordapp.com/attachments/1140066219215573032/1140075443924508702/iU2hhof.png
913622894603538432,professional nuker (sowwy cole),https://cdn.discordapp.com/attachments/1140082057381425253/1140105194609320007/2iQfvMj.png
556334042669252609,meow,https://cdn.discordapp.com/attachments/1140476734265905233/1140494151369097267/paw.gif
1081611272774242304,meow,https://media.discordapp.net/attachments/1082427305177137182/1140495245889523722/paw.gif
835861948742500372,read if cute,https://cdn.discordapp.com/emojis/1024751291504791654.gif?size=256
835861948742500372,Vencord Donor,https://vencord.dev/assets/favicon.png
958158495302176778,quack,https://cdn.discordapp.com/emojis/949901424752484362.webp?size=256&quality=lossless
396459597701054464,fox,https://cdn.discordapp.com/attachments/1042916022371495937/1081257234094358630/image0-3.gif
859646668672598017,vlaz,https://media.discordapp.net/attachments/968631135045288017/1021185856503042068/grr.gif
215579012087414796,Best pony,https://cdn.discordapp.com/attachments/1143202820703670302/1143214090408435733/d561ead568977df8874f6afeb5406ddb.gif
1030825343357026350,joyclen,https://cdn.discordapp.com/attachments/1142946723132608612/1143149102679466114/emote.png
690985608193245194,read if cute,https://cdn.discordapp.com/emojis/1024751291504791654.gif?size=256
133995818901307392,King of Bamboo,https://cdn.discordapp.com/attachments/1143235011559035001/1143257294734377080/IMG_6257.gif
157923680503070720,mat,https://cdn.discordapp.com/attachments/1143207628844052623/1143287695796338738/image_11.png
1060175439122935929,Ancient Deity,https://cdn.discordapp.com/attachments/1143381834466611220/1143495092477366272/xPGqY4P.png
366777201976147968,hugs,https://cdn.discordapp.com/emojis/1128814102815445065.gif?size=1024&quality=lossless
963728078520074250,Bean Stewart,https://cdn.discordapp.com/attachments/1143650605273989180/1143650726539690165/0UE0N8g3tyXRd4IvdqHzd0HY.gif
1022189106614243350,trans rights!!!,https://cdn.discordapp.com/emojis/1128847207471251526.gif?size=256&quality=lossless
394449055553552384,,https://cdn.discordapp.com/attachments/1143755590305333289/1143856697308368896/mPROSdR.jpg
288897433805651968,professional boy kisser,https://cdn.discordapp.com/emojis/849316174759329882.png
188363246695219201,Battlebit Staff,https://cdn.discordapp.com/attachments/1144302812977700934/1144303460494352516/67R2Oex.png
210011142188302337,Battlebit Staff,https://cdn.discordapp.com/attachments/1144302812977700934/1144303460494352516/67R2Oex.png
998184581490548856,Battlebit Staff,https://cdn.discordapp.com/attachments/1144302812977700934/1144303460494352516/67R2Oex.png
540974544194633768,xBlue,https://cdn.discordapp.com/attachments/1143238937867989123/1144322914179629076/imgonline-com-ua-ReplaceColor-h5QGDVgjHXqn-removebg-preview.png
285681931000086528,arqez,https://cdn.discordapp.com/emojis/819523544706842644.png?size=256&quality=lossless
117455356765929472,Piracy Queen,https://cdn.discordapp.com/emojis/1145185664682430534.png?size=56&quality=lossless
200117864726921218,I love Queen,https://cdn.discordapp.com/emojis/1122867911971831848.png?size=56&quality=lossless
200117864726921218,Enjoy life,https://cdn.discordapp.com/emojis/929546342408282162.png?size=56&quality=lossless
1104186709706555432,loved,https://cdn.discordapp.com/emojis/814791808373751848.gif?size=128&quality=lossless
1126131377549627393,Mother,https://cdn.discordapp.com/emojis/1118898331767296101.webp?size=128&quality=lossless
